name,heat pump,gas boiler
Denmark,4.8861523394077215,5.150761846337266
Sweden,7.87423770359853,17.77564760075999
Norway,7.3885266218147185,12.823195218
Germany,81.87304466630549,104.40946713002036
