name,0
Onshore wind,350.2119688244792
Offshore wind,361.6000147342801
Solar,235.9960076976799
OCGT,57.992785969022144
CCGT,234.017987452952
battery storage,26.821452592390905
pumped hydro,36.84586853442315
