name,heat pump,gas boiler
Denmark,52.22499434547805,1.4747329589029492
Sweden,77.59576763472128,6.698799353108718
Norway,63.571173198071925,4.952267249136079
Germany,780.406954134092,36.96869017478599
